﻿<?xml version="1.0" encoding="utf-8"?>
<Roots >
  <Roots.RootTypes>
    <RootType FullName="Windows.UI.Xaml.Application" />
    <RootType FullName="Windows.UI.Xaml.Controls.Page">
      <RootProperty Name="Background" />
      <RootProperty Name="Height" />
      <RootProperty Name="Width" />
      <RootProperty Name="Content" />
    </RootType>
    <RootType FullName="Microsoft.Xaml.DirectUI.ProxyTypes.ThemeResourceExtension" />
    <RootType FullName="Windows.UI.Xaml.Controls.Grid">
      <RootProperty Name="Margin" />
      <RootProperty Name="Children" />
    </RootType>
    <RootType FullName="Windows.UI.Xaml.Controls.Image">
      <RootProperty Name="HorizontalAlignment" />
      <RootProperty Name="Height" />
      <RootProperty Name="Margin" />
      <RootProperty Name="VerticalAlignment" />
      <RootProperty Name="Width" />
      <RootProperty Name="Source" />
    </RootType>
    <RootType FullName="Windows.UI.Xaml.Controls.TextBlock">
      <RootProperty Name="HorizontalAlignment" />
      <RootProperty Name="Margin" />
      <RootProperty Name="Text" />
      <RootProperty Name="TextWrapping" />
      <RootProperty Name="VerticalAlignment" />
      <RootProperty Name="Width" />
      <RootProperty Name="FontFamily" />
      <RootProperty Name="FontSize" />
      <RootProperty Name="Height" />
      <RootProperty Name="RenderTransformOrigin" />
      <RootProperty Name="FocusVisualSecondaryBrush" />
      <RootProperty Name="SelectionHighlightColor" />
      <RootEvent Name="SelectionChanged" />
    </RootType>
    <RootType FullName="Microsoft.Xaml.DirectUI.ProxyTypes.BindExtension" />
    <RootType FullName="App1.MainPage" />
  </Roots.RootTypes>
</Roots>
